customer_id,customer_name,customer_street,customer_city,customer_country,customer_postcode,customer_email,customer_contact,related_id
CUS2686085533,Antonella Lipscombe,567 Anniversary Trail,Saint-_tienne,France,42963 CEDEX 9,alipscombe5k@amazon.co.jp,289-982-2202,N/A
CUS8203400094,Mano Ambrogioli,47 Victoria Street,Emmen,Netherlands,7824,mambrogioli5l@de.vu,897-509-0411,N/A
CUS2798134854,Tynan Hoggin,352 Tomscot Point,Villejuif,France,94809 CEDEX,thoggin5m@ftc.gov,298-647-6457,N/A
CUS3381830244,Gannie Hurry,8 Talmadge Crossing,Grenoble,France,38035 CEDEX 2,ghurry5n@cisco.com,301-700-4450,N/A
CUS1261406559,Freeman Tocher,7617 Pine View Court,Le Mans,France,72052 CEDEX 2,ftocher5o@nyu.edu,124-380-7730,N/A
CUS7419099944,Arnold Sunner,97161 Mallory Park,Liverpool,United Kingdom,L33,asunner5p@constantcontact.com,112-957-9966,N/A
CUS3085649263,Denys Woodwin,17367 Londonderry Place,Carrigaline,Ireland,P43,dwoodwin5q@unc.edu,731-689-4749,N/A
CUS2469326311,Allard Cumberlidge,6715 Sheridan Street,Le Havre,France,76600,acumberlidge5r@tamu.edu,627-569-7393,N/A
CUS2447657889,Crystal Colt,97344 Cordelia Terrace,Manosque,France,04104 CEDEX,ccolt5s@webmd.com,676-841-5586,CUS0760478201
CUS0718361768,Bernelle Sturdey,40 Barnett Road,Vitry-sur-Seine,France,94785 CEDEX,bsturdey5t@zdnet.com,759-221-5670,N/A
CUS2051053375,Kayne Camilli,11 Troy Point,Apeldoorn,Netherlands,7319,kcamilli5u@clickbank.net,495-742-5288,CUS2807734871
CUS6309493817,Neala Readwin,4 Beilfuss Lane,Niort,France,79099 CEDEX 9,nreadwin5v@devhub.com,673-979-8989,N/A
CUS4576186825,Stevy Beller,6217 Dennis Avenue,Marly,France,57155,sbeller5w@people.com.cn,759-998-4730,N/A
CUS7802489601,Fern Esmonde,1954 Packers Point,Paris 02,France,75080 CEDEX 02,fesmonde5x@fc2.com,683-481-3650,CUS9375218910
CUS0342969579,Linn Derell,42 3rd Parkway,Bordeaux,France,33060 CEDEX,lderell5y@soup.io,294-120-4247,N/A
CUS7529295578,Keefe Porson,90707 Manufacturers Pass,Hagondange,France,57304 CEDEX,kporson5z@chicagotribune.com,824-832-8096,N/A
CUS9901496896,Lin Spaughton,4 Banding Place,Pau,France,64017 CEDEX 9,lspaughton60@hc360.com,891-508-4406,N/A
CUS9510634700,Darrin Romain,5 Texas Junction,Nantes,France,44916 CEDEX 9,dromain61@arizona.edu,637-268-6187,CUS8938067742
CUS2685664459,Delmor Olenikov,89 Service Court,Floirac,France,33274 CEDEX,dolenikov62@nature.com,393-376-2309,N/A
CUS6525118174,Mabelle Barmadier,6 Dwight Lane,Laon,France,02004 CEDEX,mbarmadier63@free.fr,602-617-1140,N/A
CUS2200402813,Calla Kamena,363 Trailsway Street,Saint-Leu-la-For¨ºt,France,95324 CEDEX,ckamena64@tripod.com,273-505-8383,N/A
CUS8736962228,Hanson MacEveley,0 Morningstar Pass,Arpajon,France,91295 CEDEX,hmaceveley65@myspace.com,685-686-5302,CUS0326573062
CUS2614053503,Brigitte Darrington,1 Arapahoe Parkway,Lelystad,Netherlands,8204,bdarrington66@baidu.com,699-870-0935,N/A
CUS3912010463,Randie Jaggli,96 Surrey Hill,Chartres,France,28009 CEDEX,rjaggli67@storify.com,764-827-9258,N/A
CUS2404338056,Cherlyn Pietzker,56347 Burning Wood Trail,Verdun,France,55109 CEDEX,cpietzker68@fotki.com,275-273-3036,N/A
CUS0964175193,Katlin Trowel,30258 Del Sol Place,Tournan-en-Brie,France,77224 CEDEX,ktrowel69@youtube.com,338-323-7302,N/A
CUS2301646262,Jarad Dovinson,8273 Northridge Drive,Paris La D¨¦fense,France,92974 CEDEX,jdovinson6a@nasa.gov,891-722-8775,CUS0349331189
CUS2891104692,Lexy Windley,93268 Laurel Plaza,Tr¨¦lissac,France,24758 CEDEX,lwindley6b@thetimes.co.uk,246-676-0966,N/A
CUS9902174922,Carri Mashro,654 Hanover Park,V¨¦nissieux,France,69639 CEDEX,cmashro6c@dyndns.org,992-687-2809,CUS1315713233
CUS0186724608,Forrest Molen,73282 Kensington Crossing,Rosmalen,Netherlands,5249,fmolen6d@spotify.com,319-859-8139,N/A
CUS8150854959,Corliss Arnowitz,539 Glacier Hill Road,Toulouse,France,31931 CEDEX 9,carnowitz6e@economist.com,922-105-5912,CUS3591540900
CUS0755718399,Kamillah Bellward,442 Loeprich Terrace,Paris 19,France,75166 CEDEX 19,kbellward6f@cpanel.net,932-737-4423,CUS0319296857
CUS7984329591,Vinni Richley,1 Esch Lane,Montpellier,France,34186 CEDEX 4,vrichley6g@si.edu,768-197-5135,N/A
CUS8546786623,Mellisent Cantwell,126 Warrior Pass,Dinan,France,22104 CEDEX,mcantwell6h@amazon.de,906-383-8952,N/A
CUS7623095226,Rog Bulpitt,01 Northfield Crossing,Ajaccio,France,20195 CEDEX 1,rbulpitt6i@google.fr,373-725-2311,CUS0131688952
CUS5934762575,Gina Rawlings,29 Towne Plaza,Gif-sur-Yvette,France,91194 CEDEX,grawlings6j@php.net,799-178-0785,CUS7832114347
CUS3506128213,Care Merigot,713 Transport Trail,Marly-le-Roi,France,78165 CEDEX,cmerigot6k@dedecms.com,241-525-4628,N/A
CUS3333948133,Johnette Elford,99988 Macpherson Alley,Nanterre,France,92024 CEDEX,jelford6l@berkeley.edu,769-135-5980,N/A
CUS6766107200,Sydelle Fautly,3 Sloan Circle,Valenciennes,France,59304 CEDEX,sfautly6m@i2i.jp,915-868-4952,N/A
CUS1944134514,Lissy Milkins,1183 Hintze Crossing,Senlis,France,60309 CEDEX,lmilkins6n@mit.edu,776-905-4117,N/A
CUS1091430837,Nora Ambroise,1 Buell Court,Metz,France,57751 CEDEX 9,nambroise6o@nhs.uk,870-532-5889,CUS2686085533
CUS3341141308,Nolana Florentine,0 Claremont Hill,Puteaux,France,92822 CEDEX,nflorentine6p@who.int,309-718-3393,N/A
CUS1237854598,Michal Zannetti,4749 Dennis Plaza,Ballina,Ireland,F26,mzannetti6q@businessweek.com,582-441-6673,N/A
CUS0470481838,Phillipp Gauden,5466 Shelley Terrace,Winseler,Luxembourg,L-9696,pgauden6r@washington.edu,571-758-0991,N/A
CUS5998183185,Alvera Delgadillo,218 Caliangt Circle,Nantes,France,44945 CEDEX 9,adelgadillo6s@fda.gov,843-597-0626,CUS5597522949
CUS5317230608,Kaitlyn Derrick,983 Graceland Alley,Mulhouse,France,68092 CEDEX 2,kderrick6t@liveinternet.ru,367-917-7503,N/A
CUS0937675989,Rand Zoephel,7 Macpherson Trail,Best,Netherlands,5684,rzoephel6u@g.co,981-331-0291,N/A
CUS5028293112,Anders Bugs,12 Carpenter Drive,Romilly-sur-Seine,France,10104 CEDEX,abugs6v@github.com,869-950-7185,N/A
CUS5762388875,Jan Conman,1174 Macpherson Place,Aubenas,France,07209 CEDEX,jconman6w@fastcompany.com,350-667-8822,CUS9984735494
CUS1271951401,Bary Jochen,2983 Pankratz Avenue,Newbiggin,United Kingdom,NE46,bjochen6x@ehow.com,318-843-1329,N/A
CUS0198907958,Kerianne Steedman,79 Reinke Lane,Mondorf-les-Bains,Luxembourg,L-5659,ksteedman6y@jalbum.net,448-470-8759,N/A
CUS3648492160,Camel Ordish,8458 Gerald Center,London,United Kingdom,EC3M,cordish6z@github.io,673-913-0297,N/A
CUS9286975155,Riva Francecione,33490 Dayton Center,Annonay,France,07104 CEDEX,rfrancecione70@wsj.com,113-758-6284,N/A
CUS6588182066,Samuel Heathwood,1 Stang Junction,Dijon,France,21083 CEDEX 9,sheathwood71@boston.com,638-855-3926,N/A
CUS8184312334,Marga Eddie,90 Manitowish Way,Bressuire,France,79304 CEDEX,meddie72@liveinternet.ru,615-878-4024,N/A
CUS5428326506,Kamila Cawsby,5688 Karstens Street,Marne-la-Vall¨¦e,France,77708 CEDEX 4,kcawsby73@marketwatch.com,408-461-9070,N/A
CUS8176569860,Magda Blackford,09 Vera Avenue,Tullamore,Ireland,R35,mblackford74@jiathis.com,689-157-1920,N/A
CUS1684524008,Barnabe Simonini,0411 Meadow Vale Hill,Crumlin,Ireland,D6W,bsimonini75@examiner.com,314-979-4265,N/A
CUS1887686843,Mary De Gregario,1 Chinook Junction,Castlebridge,Ireland,R14,mde76@nbcnews.com,665-877-7332,N/A
CUS2278353411,Alain Klosser,12075 Mandrake Alley,Chatillon,France,92324 CEDEX,aklosser77@cbc.ca,254-341-2704,N/A
CUS5699435123,Verine Jackalin,265 Hovde Drive,Tours,France,37016 CEDEX 1,vjackalin78@reuters.com,213-665-7549,N/A
CUS8056145044,Georas Geistmann,8170 Chinook Point,Leeds,United Kingdom,LS6,ggeistmann79@mlb.com,200-860-0431,N/A
CUS9831686721,Marillin Goshawke,73 Green Ridge Hill,Nieuwegein,Netherlands,3439,mgoshawke7a@comcast.net,350-761-2435,N/A
CUS9705290881,Nathanil Haggerstone,284 Loomis Park,Malahide,Ireland,K36,nhaggerstone7b@tumblr.com,706-992-3880,N/A
CUS8530307291,Herb McCambridge,14 Blaine Parkway,Grenoble,France,38066 CEDEX 2,hmccambridge7c@fda.gov,470-518-9109,CUS8203400094
CUS8785551031,Vick Offord,9264 Cody Street,Rennes,France,35076 CEDEX 9,vofford7d@bigcartel.com,384-283-9448,CUS0470481838
CUS4858770729,Madelle Fairy,94 Arapahoe Avenue,Brie-Comte-Robert,France,77254 CEDEX,mfairy7e@storify.com,601-102-4653,N/A
CUS3148982312,Gregoor Mathivat,7072 Mariners Cove Crossing,Voiron,France,38509 CEDEX,gmathivat7f@home.pl,755-941-2719,CUS2731889926
CUS9022768252,Jessi Tudge,2 Golf View Way,Suresnes,France,92154 CEDEX,jtudge7g@rakuten.co.jp,891-369-5519,N/A
CUS8938067742,Tally Johnke,0 Corscot Court,Ajaccio,France,20174 CEDEX 1,tjohnke7h@jigsy.com,664-298-7455,CUS9510634700
CUS6959930510,Inigo Priddie,5818 Springs Hill,Leidschendam,Netherlands,2264,ipriddie7i@bigcartel.com,811-113-6812,N/A
CUS5281413740,Christiane Peile,1 Hanover Street,Coulommiers,France,77529 CEDEX,cpeile7j@youtube.com,265-854-6472,N/A
CUS9959681238,Dulciana Matuszinski,8386 Sachs Pass,Aix-en-Provence,France,13792 CEDEX 3,dmatuszinski7k@theglobeandmail.com,480-105-3077,CUS5482378098
CUS0869953095,Guenevere Bartlomiej,3599 Mcbride Parkway,Massy,France,91309 CEDEX,gbartlomiej7l@naver.com,731-915-6950,CUS2416141813
CUS6798938434,Benji Wolfers,44 Rowland Hill,Besan?on,France,25014 CEDEX,bwolfers7m@blogtalkradio.com,981-186-6913,CUS5487886393
CUS8071851191,Jobey Boulden,7 Moland Hill,Colmar,France,68004 CEDEX,jboulden7n@loc.gov,563-409-4134,CUS1503010945
CUS6127546869,Erick Toombs,6962 Fisk Point,Kilkenny,Ireland,R95,etoombs7o@purevolume.com,317-110-0170,CUS0700654054
CUS5797193868,Bogey McGilben,7783 Myrtle Terrace,Clamart,France,92144 CEDEX,bmcgilben7p@ftc.gov,685-480-7522,N/A
CUS2870407254,Courtney Arne,50 Gulseth Street,Greenhills,Ireland,D6W,carne7q@t-online.de,395-235-9449,N/A
CUS2066613908,Morton Clubley,360 Eggendart Park,Niedercorn,Luxembourg,L-4993,mclubley7r@a8.net,490-727-3329,CUS4233429453
CUS4025902052,Brena MacDermid,24 Sachs Avenue,Poitiers,France,86062 CEDEX 9,bmacdermid7s@discuz.net,143-227-4144,CUS4858770729
CUS0668628715,Florinda Carabine,5 Pond Court,Montb¨¦liard,France,25215 CEDEX,fcarabine7t@ihg.com,125-705-3093,N/A
CUS3228268209,Daryle Hyrons,760 Hooker Terrace,Vendargues,France,34747 CEDEX,dhyrons7u@webs.com,375-305-5629,N/A
CUS9375218910,Matthiew Ozanne,123 Old Gate Parkway,Poissy,France,78304 CEDEX,mozanne7v@google.ca,656-398-7376,N/A
CUS9571295957,Honey Boxhill,98959 Dahle Crossing,Brive-la-Gaillarde,France,19117 CEDEX,hboxhill7w@pen.io,540-987-1104,CUS6588182066
CUS9092322512,Hazlett Essame,061 Merry Terrace,N?mes,France,30006 CEDEX 4,hessame7x@sun.com,296-559-3099,N/A
CUS2193579504,Bordie Ricco,15756 Moulton Street,Beauvais,France,60006 CEDEX,bricco7y@washingtonpost.com,480-126-8946,N/A
CUS2518221786,Rochester Prewer,1 Bayside Street,Bonneville,France,74134 CEDEX,rprewer7z@earthlink.net,642-934-7091,N/A
CUS8192585018,Baxter Holdall,2781 Spaight Hill,Aix-en-Provence,France,13858 CEDEX 3,bholdall80@statcounter.com,483-853-2093,CUS7498113090
CUS6533017829,Nefen Hunnicutt,2 Westend Center,Nantes,France,44265 CEDEX 2,nhunnicutt81@elegantthemes.com,684-759-8193,CUS4923587806
CUS7498113090,Osbourn Greedier,6055 Bluejay Center,Gardanne,France,13548 CEDEX,ogreedier82@yale.edu,225-904-2079,N/A
CUS4923587806,Modestia Titmarsh,88887 Forster Court,Caherconlish,Ireland,F45,mtitmarsh83@ameblo.jp,861-886-8758,N/A
CUS5853736426,Fredra Verrall,3 Elmside Hill,Cr¨¦py-en-Valois,France,60804 CEDEX,fverrall84@indiegogo.com,575-224-2168,N/A
CUS8842818488,Jaquelyn Hackinge,64 Doe Crossing Place,Ploemeur,France,56274 CEDEX,jhackinge85@jimdo.com,734-763-3870,CUS9375218910
CUS6540175744,Wilmette Vettore,18364 Leroy Place,Milton,United Kingdom,AB56,wvettore86@chicagotribune.com,673-604-1951,N/A
CUS0346302390,Celestyna Briscam,3440 Mayfield Crossing,Le Blanc-Mesnil,France,93154 CEDEX,cbriscam87@techcrunch.com,234-965-1329,CUS7002152815
CUS2348169959,Monroe Vanichkov,38 Bashford Circle,Rennes,France,35076 CEDEX 9,mvanichkov88@wikipedia.org,911-994-7508,CUS6451777102
CUS4509481500,Nikkie Frick,39 Portage Park,Birmingham,United Kingdom,B12,nfrick89@nymag.com,894-321-8295,CUS7812846571
CUS6750553702,Bette MacGahy,0657 Browning Junction,Breda,Netherlands,4839,bmacgahy8a@salon.com,108-323-3246,CUS3834254967
CUS8828294876,Woodman Bazley,2 Eggendart Lane,Lunel,France,34404 CEDEX,wbazley8b@cisco.com,847-548-3003,N/A